<?xml version="1.0" encoding="UTF-8"?>
<project-private xmlns="http://www.netbeans.org/ns/project-private/1">
    <editor-bookmarks xmlns="http://www.netbeans.org/ns/editor-bookmarks/2" lastBookmarkId="0"/>
    <open-files xmlns="http://www.netbeans.org/ns/projectui-open-files/2">
        <group>
            <file>file:/E:/git/project2/workspace/Project2PotLuckRecipes/src/java/transferobjects/Category.java</file>
            <file>file:/E:/git/project2/workspace/Project2PotLuckRecipes/web/index.html</file>
            <file>file:/E:/git/project2/workspace/Project2PotLuckRecipes/src/java/transferobjects/Member.java</file>
            <file>file:/E:/git/project2/workspace/Project2PotLuckRecipes/src/java/dataaccesslayer/MembersDao.java</file>
            <file>file:/E:/git/project2/workspace/Project2PotLuckRecipes/src/java/transferobjects/Recipe.java</file>
            <file>file:/E:/git/project2/workspace/Project2PotLuckRecipes/src/java/dataaccesslayer/TagsDaoImpl.java</file>
            <file>file:/E:/git/project2/workspace/Project2PotLuckRecipes/src/java/dataaccesslayer/MembersDaoImpl.java</file>
            <file>file:/E:/git/project2/workspace/Project2PotLuckRecipes/src/java/dataaccesslayer/RecipesDaoImpl.java</file>
            <file>file:/E:/git/project2/workspace/Project2PotLuckRecipes/src/java/viewlayer/TagsSummaryView.java</file>
            <file>file:/E:/git/project2/workspace/Project2PotLuckRecipes/src/java/businesslayer/RecipesBusinessLogic.java</file>
            <file>file:/E:/git/project2/workspace/Project2PotLuckRecipes/src/java/viewlayer/IngredientsSummaryView.java</file>
            <file>file:/E:/git/project2/workspace/Project2PotLuckRecipes/src/java/dataaccesslayer/RecipesDao.java</file>
            <file>file:/E:/git/project2/workspace/Project2PotLuckRecipes/src/java/transferobjects/Tag.java</file>
            <file>file:/E:/git/project2/workspace/Project2PotLuckRecipes/src/java/viewlayer/MembersSummaryView.java</file>
            <file>file:/E:/git/project2/workspace/Project2PotLuckRecipes/src/java/businesslayer/IngredientBusinessLogic.java</file>
            <file>file:/E:/git/project2/workspace/Project2PotLuckRecipes/src/java/businesslayer/MembersBusinessLogic.java</file>
            <file>file:/E:/git/project2/workspace/Project2PotLuckRecipes/src/java/dataaccesslayer/IngredientsDao.java</file>
            <file>file:/E:/git/project2/workspace/Project2PotLuckRecipes/src/java/dataaccesslayer/IngredientsDaoImpl.java</file>
            <file>file:/E:/git/project2/workspace/Project2PotLuckRecipes/web/META-INF/context.xml</file>
            <file>file:/E:/git/project2/workspace/Project2PotLuckRecipes/src/java/businesslayer/TagsBusinessLogic.java</file>
            <file>file:/E:/git/project2/workspace/Project2PotLuckRecipes/src/java/transferobjects/MemberBuilder.java</file>
            <file>file:/E:/git/project2/workspace/Project2PotLuckRecipes/web/WEB-INF/web.xml</file>
            <file>file:/E:/git/project2/workspace/Project2PotLuckRecipes/src/java/viewlayer/RecipesSummaryView.java</file>
        </group>
    </open-files>
</project-private>
